Workbook

Sheet Overview
A3: Total overview of WBSO hours per employee | 2026
B6: Employee
B7: Name and BSN: | E7: Filippo Margiotta | 265126642
B8: Role: | E8: Director / Architect
B11: Project | C11: Jan | D11: Feb | E11: Mar | F11: Apr | G11: May | H11: June | I11: July | J11: Aug | K11: Sep | L11: Oct | M11: Nov | N11: Dec | O11: Total
B12: AI-Driven Agentic Orchestration Software (AOC-WebAPI) | C12: =January!AH14 -> 56 | D12: =February!AE14 -> 28 | E12: =March!AH14 -> 0 | F12: =April!AG14 -> 0 | G12: =May!AH14 -> 0 | H12: =June!AG14 -> 0 | I12: =July!AH14 -> 0 | J12: =August!AH14 -> 0 | K12: =September!AG14 -> 0 | L12: =October!AH14 -> 0 | M12: =November!AG14 -> 0 | N12: =December!AH14 -> 0 | O12: =SUM(C12:N12) -> 84
B13: =January!B15 | C13: =January!AH15 -> 0 | D13: =February!AE15 -> 0 | E13: =March!AH15 -> 0 | F13: =April!AG15 -> 0 | G13: =May!AH15 -> 0 | H13: =June!AG15 -> 0 | I13: =July!AH15 -> 0 | J13: =August!AH15 -> 0 | K13: =September!AG15 -> 0 | L13: =October!AH15 -> 0 | M13: =November!AG15 -> 0 | N13: =December!AH15 -> 0 | O13: =SUM(C13:N13) -> 0
B14: =January!B16 | C14: =January!AH16 -> 0 | D14: =February!AE16 -> 0 | E14: =March!AH16 -> 0 | F14: =April!AG16 -> 0 | G14: =May!AH16 -> 0 | H14: =June!AG16 -> 0 | I14: =July!AH16 -> 0 | J14: =August!AH16 -> 0 | K14: =September!AG16 -> 0 | L14: =October!AH16 -> 0 | M14: =November!AG16 -> 0 | N14: =December!AH16 -> 0 | O14: =SUM(C14:N14) -> 0
B15: =January!B17 | C15: =January!AH17 -> 0 | D15: =February!AE17 -> 0 | E15: =March!AH17 -> 0 | F15: =April!AG17 -> 0 | G15: =May!AH17 -> 0 | H15: =June!AG17 -> 0 | I15: =July!AH17 -> 0 | J15: =August!AH17 -> 0 | K15: =September!AG17 -> 0 | L15: =October!AH17 -> 0 | M15: =November!AG17 -> 0 | N15: =December!AH17 -> 0 | O15: =SUM(C15:N15) -> 0
B16: =January!B18 | C16: =January!AH18 -> 0 | D16: =February!AE18 -> 0 | E16: =March!AH18 -> 0 | F16: =April!AG18 -> 0 | G16: =May!AH18 -> 0 | H16: =June!AG18 -> 0 | I16: =July!AH18 -> 0 | J16: =August!AH18 -> 0 | K16: =September!AG18 -> 0 | L16: =October!AH18 -> 0 | M16: =November!AG18 -> 0 | N16: =December!AH18 -> 0 | O16: =SUM(C16:N16) -> 0
B17: =January!B19 | C17: =January!AH19 -> 0 | D17: =February!AE19 -> 0 | E17: =March!AH19 -> 0 | F17: =April!AG19 -> 0 | G17: =May!AH19 -> 0 | H17: =June!AG19 -> 0 | I17: =July!AH19 -> 0 | J17: =August!AH19 -> 0 | K17: =September!AG19 -> 0 | L17: =October!AH19 -> 0 | M17: =November!AG19 -> 0 | N17: =December!AH19 -> 0 | O17: =SUM(C17:N17) -> 0
B18: =January!B20 | C18: =January!AH20 -> 0 | D18: =February!AE20 -> 0 | E18: =March!AH20 -> 0 | F18: =April!AG20 -> 0 | G18: =May!AH20 -> 0 | H18: =June!AG20 -> 0 | I18: =July!AH20 -> 0 | J18: =August!AH20 -> 0 | K18: =September!AG20 -> 0 | L18: =October!AH20 -> 0 | M18: =November!AG20 -> 0 | N18: =December!AH20 -> 0 | O18: =SUM(C18:N18) -> 0
B19: =January!B21 | C19: =January!AH21 -> 0 | D19: =February!AE21 -> 0 | E19: =March!AH21 -> 0 | F19: =April!AG21 -> 0 | G19: =May!AH21 -> 0 | H19: =June!AG21 -> 0 | I19: =July!AH21 -> 0 | J19: =August!AH21 -> 0 | K19: =September!AG21 -> 0 | L19: =October!AH21 -> 0 | M19: =November!AG21 -> 0 | N19: =December!AH21 -> 0 | O19: =SUM(C19:N19) -> 0
B20: =January!B22 | C20: =January!AH22 -> 0 | D20: =February!AE22 -> 0 | E20: =March!AH22 -> 0 | F20: =April!AG22 -> 0 | G20: =May!AH22 -> 0 | H20: =June!AG22 -> 0 | I20: =July!AH22 -> 0 | J20: =August!AH22 -> 0 | K20: =September!AG22 -> 0 | L20: =October!AH22 -> 0 | M20: =November!AG22 -> 0 | N20: =December!AH22 -> 0 | O20: =SUM(C20:N20) -> 0
B21: =January!B23 | C21: =January!AH23 -> 0 | D21: =February!AE23 -> 0 | E21: =March!AH23 -> 0 | F21: =April!AG23 -> 0 | G21: =May!AH23 -> 0 | H21: =June!AG23 -> 0 | I21: =July!AH23 -> 0 | J21: =August!AH23 -> 0 | K21: =September!AG23 -> 0 | L21: =October!AH23 -> 0 | M21: =November!AG23 -> 0 | N21: =December!AH23 -> 0 | O21: =SUM(C21:N21) -> 0
B22: =January!B24 | C22: =January!AH24 -> 0 | D22: =February!AE24 -> 0 | E22: =March!AH24 -> 0 | F22: =April!AG24 -> 0 | G22: =May!AH24 -> 0 | H22: =June!AG24 -> 0 | I22: =July!AH24 -> 0 | J22: =August!AH24 -> 0 | K22: =September!AG24 -> 0 | L22: =October!AH24 -> 0 | M22: =November!AG24 -> 0 | N22: =December!AH24 -> 0 | O22: =SUM(C22:N22) -> 0
B23: =January!B25 | C23: =January!AH25 -> 0 | D23: =February!AE25 -> 0 | E23: =March!AH25 -> 0 | F23: =April!AG25 -> 0 | G23: =May!AH25 -> 0 | H23: =June!AG25 -> 0 | I23: =July!AH25 -> 0 | J23: =August!AH25 -> 0 | K23: =September!AG25 -> 0 | L23: =October!AH25 -> 0 | M23: =November!AG25 -> 0 | N23: =December!AH25 -> 0 | O23: =SUM(C23:N23) -> 0
B24: =January!B26 | C24: =January!AH26 -> 0 | D24: =February!AE26 -> 0 | E24: =March!AH26 -> 0 | F24: =April!AG26 -> 0 | G24: =May!AH26 -> 0 | H24: =June!AG26 -> 0 | I24: =July!AH26 -> 0 | J24: =August!AH26 -> 0 | K24: =September!AG26 -> 0 | L24: =October!AH26 -> 0 | M24: =November!AG26 -> 0 | N24: =December!AH26 -> 0 | O24: =SUM(C24:N24) -> 0
... B28: =January!B30 | C28: =January!AH30 -> 0 | D28: =February!AE30 -> 0 | E28: =March!AH30 -> 0 | F28: =April!AG30 -> 0 | G28: =May!AH30 -> 0 | H28: =June!AG30 -> 0 | I28: =July!AH30 -> 0 | J28: =August!AH30 -> 0 | K28: =September!AG30 -> 0 | L28: =October!AH30 -> 0 | M28: =November!AG30 -> 0 | N28: =December!AH30 -> 0 | O28: =SUM(C28:N28) -> 0
B29: Total | C29: =SUM(C12:C28) -> 56 | D29: =SUM(D12:D28) -> 28 | E29: =SUM(E12:E28) -> 0 | F29: =SUM(F12:F28) -> 0 | G29: =SUM(G12:G28) -> 0 | H29: =SUM(H12:H28) -> 0 | I29: =SUM(I12:I28) -> 0 | J29: =SUM(J12:J28) -> 0 | ... O29: =SUM(O12:O28) -> 84

Sheet January
A1: This is an example of an hour registration sheet as indicated in article 2, section b of the Uitvoeringsregeling S&O-afdrachtvermindering.
A2: Be advised that any R&D-activities conducted during the course of the project are required to be registered within 10 working days!
A4: Employee
A5: Name and BSN: | C5: =Overview!E7 -> Filippo Margiotta | 265126642
A6: Role: | C6: =Overview!E8 -> Director / Architect
A8: Month: | C8: January
A9: Year: | C9: 2026
C11: Activities / hours matrix
C12: Number of hours
B13: Projectnummer | C13: 1 | D13: 2 | E13: 3 | F13: 4 | G13: 5 | H13: 6 | I13: 7 | J13: 8 | K13: 9 | L13: 10 | M13: 11 | N13: 12 | O13: 13 | P13: 14 | Q13: 15 | R13: 16 | S13: 17 | T13: 18 | U13: 19 | V13: 20 | W13: 21 | X13: 22 | Y13: 23 | Z13: 24 | AA13: 25 | AB13: 26 | AC13: 27 | AD13: 28 | AE13: 29 | AF13: 30 | AG13: 31 | AH13: Totalen p/m
B14: AI-Driven Agentic Orchestration Software (AOC-WebAPI) | H14: 3 | I14: 6 | J14: 4 | K14: 5 | N14: 2 | O14: 6 | Q14: 6 | U14: 2 | V14: 2 | X14: 4 | AB14: 4 | AC14: 4 | AD14: 4 | AE14: 4 | AH14: =SUM(C14:AG14) -> 56
AH15: =SUM(C15:AG15) -> 0
AH16: =SUM(C16:AG16) -> 0
AH17: =SUM(C17:AG17) -> 0
AH18: =SUM(C18:AG18) -> 0
AH19: =SUM(C19:AG19) -> 0
AH20: =SUM(C20:AG20) -> 0
AH21: =SUM(C21:AG21) -> 0
AH22: =SUM(C22:AG22) -> 0
AH23: =SUM(C23:AG23) -> 0
AH24: =SUM(C24:AG24) -> 0
AH25: =SUM(C25:AG25) -> 0
AH26: =SUM(C26:AG26) -> 0
... AH30: =SUM(C30:AG30) -> 0
B31: Non R&D activities
B32: Sickdays
B33: Vacation
B34: Misc. hours (e.g. holidays)
B36: Remarks
B37: 1) Do not provide the RVO with these registration sheets before consulting PNO.
B38: However, these registration sheets do need to be available as a reference during an audit by the RVO.
B39: 2) Remember that in addition to registering hours, a project administration detailing the nature, contents and progress of the conducted activities is also required.
B40: The project administration can consist of documents that are generated in the normal course of work at your company. However, they do need to provide sufficient insight into the activities.
B41: 3) Please match descriptions and codes used on this sheet with the descriptions and codes as used on your WBSO application and in your project administrations as much as possible.

Sheet February
A1: This is an example of an hour registration sheet as indicated in article 2, section b of the Uitvoeringsregeling S&O-afdrachtvermindering.
A2: Be advised that any R&D-activities conducted during the course of the project are required to be registered within 10 working days!
A4: Employee
A5: Name and BSN: | C5: =Overview!E7 -> Filippo Margiotta | 265126642
A6: Role: | C6: =Overview!E8 -> Director / Architect
A8: Month: | C8: February
A9: Year: | C9: 2026
C11: Activities / hours matrix
C12: Number of hours
B13: Projectnummer | C13: 1 | D13: 2 | E13: 3 | F13: 4 | G13: 5 | H13: 6 | I13: 7 | J13: 8 | K13: 9 | L13: 10 | M13: 11 | N13: 12 | O13: 13 | P13: 14 | Q13: 15 | R13: 16 | S13: 17 | T13: 18 | U13: 19 | V13: 20 | W13: 21 | X13: 22 | Y13: 23 | Z13: 24 | AA13: 25 | AB13: 26 | AC13: 27 | AD13: 28 | AE13: Totalen p/m
B14: =January!B14 -> AI-Driven Agentic Orchestration Software (AOC-WebAPI) | C14: 4 | D14: 4 | E14: 4 | F14: 4 | G14: 4 | H14: 4 | I14: 4 | AE14: =SUM(C14:AC14) -> 28
B15: =January!B15 | AE15: =SUM(C15:AC15) -> 0
B16: =January!B16 | AE16: =SUM(C16:AC16) -> 0
B17: =January!B17 | AE17: =SUM(C17:AC17) -> 0
B18: =January!B18 | AE18: =SUM(C18:AC18) -> 0
B19: =January!B19 | AE19: =SUM(C19:AC19) -> 0
B20: =January!B20 | AE20: =SUM(C20:AC20) -> 0
B21: =January!B21 | AE21: =SUM(C21:AC21) -> 0
B22: =January!B22 | AE22: =SUM(C22:AC22) -> 0
B23: =January!B23 | AE23: =SUM(C23:AC23) -> 0
B24: =January!B24 | AE24: =SUM(C24:AC24) -> 0
B25: =January!B25 | AE25: =SUM(C25:AC25) -> 0
B26: =January!B26 | AE26: =SUM(C26:AC26) -> 0
... B30: =January!B30 | AE30: =SUM(C30:AC30) -> 0
B31: Non R&D activities
B32: Sickdays
B33: Vacation
B34: Misc. hours (e.g. holidays)
B36: Remarks
B37: 1) Do not provide the RVO with these registration sheets before consulting PNO.
B38: However, these registration sheets do need to be available as a reference during an audit by the RVO.
B39: 2) Remember that in addition to registering hours, a project administration detailing the nature, contents and progress of the conducted activities is also required.
B40: The project administration can consist of documents that are generated in the normal course of work at your company. However, they do need to provide sufficient insight into the activities.
B41: 3) Please match descriptions and codes used on this sheet with the descriptions and codes as used on your WBSO application and in your project administrations as much as possible.

Sheet March
A1: This is an example of an hour registration sheet as indicated in article 2, section b of the Uitvoeringsregeling S&O-afdrachtvermindering.
A2: Be advised that any R&D-activities conducted during the course of the project are required to be registered within 10 working days!
A4: Employee
A5: Name and BSN: | C5: =Overview!E7 -> Filippo Margiotta | 265126642
A6: Role: | C6: =Overview!E8 -> Director / Architect
A8: Month: | C8: March
A9: Year: | C9: 2026
C11: Activities / hours matrix
C12: Number of hours
B13: Projectnummer | C13: 1 | D13: 2 | E13: 3 | F13: 4 | G13: 5 | H13: 6 | I13: 7 | J13: 8 | K13: 9 | L13: 10 | M13: 11 | N13: 12 | O13: 13 | P13: 14 | Q13: 15 | R13: 16 | S13: 17 | T13: 18 | U13: 19 | V13: 20 | W13: 21 | X13: 22 | Y13: 23 | Z13: 24 | AA13: 25 | AB13: 26 | AC13: 27 | AD13: 28 | AE13: 29 | AF13: 30 | AG13: 31 | AH13: Totalen p/m
B14: =January!B14 -> AI-Driven Agentic Orchestration Software (AOC-WebAPI) | AH14: =SUM(C14:AG14) -> 0
B15: =January!B15 | AH15: =SUM(C15:AG15) -> 0
B16: =January!B16 | AH16: =SUM(C16:AG16) -> 0
B17: =January!B17 | AH17: =SUM(C17:AG17) -> 0
B18: =January!B18 | AH18: =SUM(C18:AG18) -> 0
B19: =January!B19 | AH19: =SUM(C19:AG19) -> 0
B20: =January!B20 | AH20: =SUM(C20:AG20) -> 0
B21: =January!B21 | AH21: =SUM(C21:AG21) -> 0
B22: =January!B22 | AH22: =SUM(C22:AG22) -> 0
B23: =January!B23 | AH23: =SUM(C23:AG23) -> 0
B24: =January!B24 | AH24: =SUM(C24:AG24) -> 0
B25: =January!B25 | AH25: =SUM(C25:AG25) -> 0
... B30: =January!B30 | AH30: =SUM(C30:AG30) -> 0
B31: Non R&D activities
B32: Sickdays
B33: Vacation
B34: Misc. hours (e.g. holidays)
B36: Remarks
B37: 1) Do not provide the RVO with these registration sheets before consulting PNO.
B38: However, these registration sheets do need to be available as a reference during an audit by the RVO.
B39: 2) Remember that in addition to registering hours, a project administration detailing the nature, contents and progress of the conducted activities is also required.
B40: The project administration can consist of documents that are generated in the normal course of work at your company. However, they do need to provide sufficient insight into the activities.
B41: 3) Please match descriptions and codes used on this sheet with the descriptions and codes as used on your WBSO application and in your project administrations as much as possible.

Sheet April
A1: This is an example of an hour registration sheet as indicated in article 2, section b of the Uitvoeringsregeling S&O-afdrachtvermindering.
A2: Be advised that any R&D-activities conducted during the course of the project are required to be registered within 10 working days!
A4: Employee
A5: Name and BSN: | C5: =Overview!E7 -> Filippo Margiotta | 265126642
A6: Role: | C6: =Overview!E8 -> Director / Architect
A8: Month: | C8: April
A9: Year: | C9: 2026
C11: Activities / hours matrix
C12: Number of hours
B13: Projectnummer | C13: 1 | D13: 2 | E13: 3 | F13: 4 | G13: 5 | H13: 6 | I13: 7 | J13: 8 | K13: 9 | L13: 10 | M13: 11 | N13: 12 | O13: 13 | P13: 14 | Q13: 15 | R13: 16 | S13: 17 | T13: 18 | U13: 19 | V13: 20 | W13: 21 | X13: 22 | Y13: 23 | Z13: 24 | AA13: 25 | AB13: 26 | AC13: 27 | AD13: 28 | AE13: 29 | AF13: 30 | AG13: Totalen p/m
B14: =January!B14 -> AI-Driven Agentic Orchestration Software (AOC-WebAPI) | AG14: =SUM(C14:AF14) -> 0
B15: =January!B15 | AG15: =SUM(C15:AF15) -> 0
B16: =January!B16 | AG16: =SUM(C16:AF16) -> 0
B17: =January!B17 | AG17: =SUM(C17:AF17) -> 0
B18: =January!B18 | AG18: =SUM(C18:AF18) -> 0
B19: =January!B19 | AG19: =SUM(C19:AF19) -> 0
B20: =January!B20 | AG20: =SUM(C20:AF20) -> 0
B21: =January!B21 | AG21: =SUM(C21:AF21) -> 0
B22: =January!B22 | AG22: =SUM(C22:AF22) -> 0
B23: =January!B23 | AG23: =SUM(C23:AF23) -> 0
B24: =January!B24 | AG24: =SUM(C24:AF24) -> 0
B25: =January!B25 | AG25: =SUM(C25:AF25) -> 0
... B30: =January!B30 | AG30: =SUM(C30:AF30) -> 0
B31: Non R&D activities
B32: Sickdays
B33: Vacation
B34: Misc. hours (e.g. holidays)
B36: Remarks
B37: 1) Do not provide the RVO with these registration sheets before consulting PNO.
B38: However, these registration sheets do need to be available as a reference during an audit by the RVO.
B39: 2) Remember that in addition to registering hours, a project administration detailing the nature, contents and progress of the conducted activities is also required.
B40: The project administration can consist of documents that are generated in the normal course of work at your company. However, they do need to provide sufficient insight into the activities.
B41: 3) Please match descriptions and codes used on this sheet with the descriptions and codes as used on your WBSO application and in your project administrations as much as possible.

Sheet May
A1: This is an example of an hour registration sheet as indicated in article 2, section b of the Uitvoeringsregeling S&O-afdrachtvermindering.
A2: Be advised that any R&D-activities conducted during the course of the project are required to be registered within 10 working days!
A4: Employee
A5: Name and BSN: | C5: =Overview!E7 -> Filippo Margiotta | 265126642
A6: Role: | C6: =Overview!E8 -> Director / Architect
A8: Month: | C8: May
A9: Year: | C9: ]
C11: Activities / hours matrix
C12: Number of hours
B13: Projectnummer | C13: 1 | D13: 2 | E13: 3 | F13: 4 | G13: 5 | H13: 6 | I13: 7 | J13: 8 | K13: 9 | L13: 10 | M13: 11 | N13: 12 | O13: 13 | P13: 14 | Q13: 15 | R13: 16 | S13: 17 | T13: 18 | U13: 19 | V13: 20 | W13: 21 | X13: 22 | Y13: 23 | Z13: 24 | AA13: 25 | AB13: 26 | AC13: 27 | AD13: 28 | AE13: 29 | AF13: 30 | AG13: 31 | AH13: Totalen p/m
B14: =January!B14 -> AI-Driven Agentic Orchestration Software (AOC-WebAPI) | AH14: =SUM(C14:AG14) -> 0
B15: =January!B15 | AH15: =SUM(C15:AG15) -> 0
B16: =January!B16 | AH16: =SUM(C16:AG16) -> 0
B17: =January!B17 | AH17: =SUM(C17:AG17) -> 0
B18: =January!B18 | AH18: =SUM(C18:AG18) -> 0
B19: =January!B19 | AH19: =SUM(C19:AG19) -> 0
B20: =January!B20 | AH20: =SUM(C20:AG20) -> 0
B21: =January!B21 | AH21: =SUM(C21:AG21) -> 0
B22: =January!B22 | AH22: =SUM(C22:AG22) -> 0
B23: =January!B23 | AH23: =SUM(C23:AG23) -> 0
B24: =January!B24 | AH24: =SUM(C24:AG24) -> 0
B25: =January!B25 | AH25: =SUM(C25:AG25) -> 0
... B30: =January!B30 | AH30: =SUM(C30:AG30) -> 0
B31: Non R&D activities
B32: Sickdays
B33: Vacation
B34: Misc. hours (e.g. holidays)
B36: Remarks
B37: 1) Do not provide the RVO with these registration sheets before consulting PNO.
B38: However, these registration sheets do need to be available as a reference during an audit by the RVO.
B39: 2) Remember that in addition to registering hours, a project administration detailing the nature, contents and progress of the conducted activities is also required.
B40: The project administration can consist of documents that are generated in the normal course of work at your company. However, they do need to provide sufficient insight into the activities.
B41: 3) Please match descriptions and codes used on this sheet with the descriptions and codes as used on your WBSO application and in your project administrations as much as possible.

Sheet June
A1: This is an example of an hour registration sheet as indicated in article 2, section b of the Uitvoeringsregeling S&O-afdrachtvermindering.
A2: Be advised that any R&D-activities conducted during the course of the project are required to be registered within 10 working days!
A4: Employee
A5: Name and BSN: | C5: =Overview!E7 -> Filippo Margiotta | 265126642
A6: Role: | C6: =Overview!E8 -> Director / Architect
A8: Month: | C8: June
A9: Year: | C9: 2026
C11: Activities / hours matrix
C12: Number of hours
B13: Projectnummer | C13: 1 | D13: 2 | E13: 3 | F13: 4 | G13: 5 | H13: 6 | I13: 7 | J13: 8 | K13: 9 | L13: 10 | M13: 11 | N13: 12 | O13: 13 | P13: 14 | Q13: 15 | R13: 16 | S13: 17 | T13: 18 | U13: 19 | V13: 20 | W13: 21 | X13: 22 | Y13: 23 | Z13: 24 | AA13: 25 | AB13: 26 | AC13: 27 | AD13: 28 | AE13: 29 | AF13: 30 | AG13: Totalen p/m
B14: =January!B14 -> AI-Driven Agentic Orchestration Software (AOC-WebAPI) | AG14: =SUM(C14:AF14) -> 0
B15: =January!B15 | AG15: =SUM(C15:AF15) -> 0
B16: =January!B16 | AG16: =SUM(C16:AF16) -> 0
B17: =January!B17 | AG17: =SUM(C17:AF17) -> 0
B18: =January!B18 | AG18: =SUM(C18:AF18) -> 0
B19: =January!B19 | AG19: =SUM(C19:AF19) -> 0
B20: =January!B20 | AG20: =SUM(C20:AF20) -> 0
B21: =January!B21 | AG21: =SUM(C21:AF21) -> 0
B22: =January!B22 | AG22: =SUM(C22:AF22) -> 0
B23: =January!B23 | AG23: =SUM(C23:AF23) -> 0
B24: =January!B24 | AG24: =SUM(C24:AF24) -> 0
B25: =January!B25 | AG25: =SUM(C25:AF25) -> 0
... B30: =January!B30 | AG30: =SUM(C30:AF30) -> 0
B31: Non R&D activities
B32: Sickdays
B33: Vacation
B34: Misc. hours (e.g. holidays)
B36: Remarks
B37: 1) Do not provide the RVO with these registration sheets before consulting PNO.
B38: However, these registration sheets do need to be available as a reference during an audit by the RVO.
B39: 2) Remember that in addition to registering hours, a project administration detailing the nature, contents and progress of the conducted activities is also required.
B40: The project administration can consist of documents that are generated in the normal course of work at your company. However, they do need to provide sufficient insight into the activities.
B41: 3) Please match descriptions and codes used on this sheet with the descriptions and codes as used on your WBSO application and in your project administrations as much as possible.

Sheet July
A1: This is an example of an hour registration sheet as indicated in article 2, section b of the Uitvoeringsregeling S&O-afdrachtvermindering.
A2: Be advised that any R&D-activities conducted during the course of the project are required to be registered within 10 working days!
A4: Employee
A5: Name and BSN: | C5: =Overview!E7 -> Filippo Margiotta | 265126642
A6: Role: | C6: =Overview!E8 -> Director / Architect
A8: Month: | C8: July
A9: Year: | C9: 2026
C11: Activities / hours matrix
C12: Number of hours
B13: Projectnummer | C13: 1 | D13: 2 | E13: 3 | F13: 4 | G13: 5 | H13: 6 | I13: 7 | J13: 8 | K13: 9 | L13: 10 | M13: 11 | N13: 12 | O13: 13 | P13: 14 | Q13: 15 | R13: 16 | S13: 17 | T13: 18 | U13: 19 | V13: 20 | W13: 21 | X13: 22 | Y13: 23 | Z13: 24 | AA13: 25 | AB13: 26 | AC13: 27 | AD13: 28 | AE13: 29 | AF13: 30 | AG13: 31 | AH13: Totalen p/m
B14: =January!B14 -> AI-Driven Agentic Orchestration Software (AOC-WebAPI) | AH14: =SUM(C14:AG14) -> 0
B15: =January!B15 | AH15: =SUM(C15:AG15) -> 0
B16: =January!B16 | AH16: =SUM(C16:AG16) -> 0
B17: =January!B17 | AH17: =SUM(C17:AG17) -> 0
B18: =January!B18 | AH18: =SUM(C18:AG18) -> 0
B19: =January!B19 | AH19: =SUM(C19:AG19) -> 0
B20: =January!B20 | AH20: =SUM(C20:AG20) -> 0
B21: =January!B21 | AH21: =SUM(C21:AG21) -> 0
B22: =January!B22 | AH22: =SUM(C22:AG22) -> 0
B23: =January!B23 | AH23: =SUM(C23:AG23) -> 0
B24: =January!B24 | AH24: =SUM(C24:AG24) -> 0
B25: =January!B25 | AH25: =SUM(C25:AG25) -> 0
... B30: =January!B30 | AH30: =SUM(C30:AG30) -> 0
B31: Non R&D activities
B32: Sickdays
B33: Vacation
B34: Misc. hours (e.g. holidays)
B36: Remarks
B37: 1) Do not provide the RVO with these registration sheets before consulting PNO.
B38: However, these registration sheets do need to be available as a reference during an audit by the RVO.
B39: 2) Remember that in addition to registering hours, a project administration detailing the nature, contents and progress of the conducted activities is also required.
B40: The project administration can consist of documents that are generated in the normal course of work at your company. However, they do need to provide sufficient insight into the activities.
B41: 3) Please match descriptions and codes used on this sheet with the descriptions and codes as used on your WBSO application and in your project administrations as much as possible.

Sheet August
A1: This is an example of an hour registration sheet as indicated in article 2, section b of the Uitvoeringsregeling S&O-afdrachtvermindering.
A2: Be advised that any R&D-activities conducted during the course of the project are required to be registered within 10 working days!
A4: Employee
A5: Name and BSN: | C5: =Overview!E7 -> Filippo Margiotta | 265126642
A6: Role: | C6: =Overview!E8 -> Director / Architect
A8: Month: | C8: August
A9: Year: | C9: 2026
C11: Activities / hours matrix
C12: Number of hours
B13: Projectnummer | C13: 1 | D13: 2 | E13: 3 | F13: 4 | G13: 5 | H13: 6 | I13: 7 | J13: 8 | K13: 9 | L13: 10 | M13: 11 | N13: 12 | O13: 13 | P13: 14 | Q13: 15 | R13: 16 | S13: 17 | T13: 18 | U13: 19 | V13: 20 | W13: 21 | X13: 22 | Y13: 23 | Z13: 24 | AA13: 25 | AB13: 26 | AC13: 27 | AD13: 28 | AE13: 29 | AF13: 30 | AG13: 31 | AH13: Totalen p/m
B14: =January!B14 -> AI-Driven Agentic Orchestration Software (AOC-WebAPI) | AH14: =SUM(C14:AG14) -> 0
B15: =January!B15 | AH15: =SUM(C15:AG15) -> 0
B16: =January!B16 | AH16: =SUM(C16:AG16) -> 0
B17: =January!B17 | AH17: =SUM(C17:AG17) -> 0
B18: =January!B18 | AH18: =SUM(C18:AG18) -> 0
B19: =January!B19 | AH19: =SUM(C19:AG19) -> 0
B20: =January!B20 | AH20: =SUM(C20:AG20) -> 0
B21: =January!B21 | AH21: =SUM(C21:AG21) -> 0
B22: =January!B22 | AH22: =SUM(C22:AG22) -> 0
B23: =January!B23 | AH23: =SUM(C23:AG23) -> 0
B24: =January!B24 | AH24: =SUM(C24:AG24) -> 0
B25: =January!B25 | AH25: =SUM(C25:AG25) -> 0
... B30: =January!B30 | AH30: =SUM(C30:AG30) -> 0
B31: Non R&D activities
B32: Sickdays
B33: Vacation
B34: Misc. hours (e.g. holidays)
B36: Remarks
B37: 1) Do not provide the RVO with these registration sheets before consulting PNO.
B38: However, these registration sheets do need to be available as a reference during an audit by the RVO.
B39: 2) Remember that in addition to registering hours, a project administration detailing the nature, contents and progress of the conducted activities is also required.
B40: The project administration can consist of documents that are generated in the normal course of work at your company. However, they do need to provide sufficient insight into the activities.
B41: 3) Please match descriptions and codes used on this sheet with the descriptions and codes as used on your WBSO application and in your project administrations as much as possible.

Sheet September
A1: This is an example of an hour registration sheet as indicated in article 2, section b of the Uitvoeringsregeling S&O-afdrachtvermindering.
A2: Be advised that any R&D-activities conducted during the course of the project are required to be registered within 10 working days!
A4: Employee
A5: Name and BSN: | C5: =Overview!E7 -> Filippo Margiotta | 265126642
A6: Role: | C6: =Overview!E8 -> Director / Architect
A8: Month: | C8: September
A9: Year: | C9: 2026
C11: Activities / hours matrix
C12: Number of hours
B13: Projectnummer | C13: 1 | D13: 2 | E13: 3 | F13: 4 | G13: 5 | H13: 6 | I13: 7 | J13: 8 | K13: 9 | L13: 10 | M13: 11 | N13: 12 | O13: 13 | P13: 14 | Q13: 15 | R13: 16 | S13: 17 | T13: 18 | U13: 19 | V13: 20 | W13: 21 | X13: 22 | Y13: 23 | Z13: 24 | AA13: 25 | AB13: 26 | AC13: 27 | AD13: 28 | AE13: 29 | AF13: 30 | AG13: Totalen p/m
B14: =January!B14 -> AI-Driven Agentic Orchestration Software (AOC-WebAPI) | AG14: =SUM(C14:AF14) -> 0
B15: =January!B15 | AG15: =SUM(C15:AF15) -> 0
B16: =January!B16 | AG16: =SUM(C16:AF16) -> 0
B17: =January!B17 | AG17: =SUM(C17:AF17) -> 0
B18: =January!B18 | AG18: =SUM(C18:AF18) -> 0
B19: =January!B19 | AG19: =SUM(C19:AF19) -> 0
B20: =January!B20 | AG20: =SUM(C20:AF20) -> 0
B21: =January!B21 | AG21: =SUM(C21:AF21) -> 0
B22: =January!B22 | AG22: =SUM(C22:AF22) -> 0
B23: =January!B23 | AG23: =SUM(C23:AF23) -> 0
B24: =January!B24 | AG24: =SUM(C24:AF24) -> 0
B25: =January!B25 | AG25: =SUM(C25:AF25) -> 0
... B30: =January!B30 | AG30: =SUM(C30:AF30) -> 0
B31: Non R&D activities
B32: Sickdays
B33: Vacation
B34: Misc. hours (e.g. holidays)
B36: Remarks
B37: 1) Do not provide the RVO with these registration sheets before consulting PNO.
B38: However, these registration sheets do need to be available as a reference during an audit by the RVO.
B39: 2) Remember that in addition to registering hours, a project administration detailing the nature, contents and progress of the conducted activities is also required.
B40: The project administration can consist of documents that are generated in the normal course of work at your company. However, they do need to provide sufficient insight into the activities.
B41: 3) Please match descriptions and codes used on this sheet with the descriptions and codes as used on your WBSO application and in your project administrations as much as possible.

Sheet October
A1: This is an example of an hour registration sheet as indicated in article 2, section b of the Uitvoeringsregeling S&O-afdrachtvermindering.
A2: Be advised that any R&D-activities conducted during the course of the project are required to be registered within 10 working days!
A4: Employee
A5: Name and BSN: | C5: =Overview!E7 -> Filippo Margiotta | 265126642
A6: Role: | C6: =Overview!E8 -> Director / Architect
A8: Month: | C8: October
A9: Year: | C9: 2026
C11: Activities / hours matrix
C12: Number of hours
B13: Projectnummer | C13: 1 | D13: 2 | E13: 3 | F13: 4 | G13: 5 | H13: 6 | I13: 7 | J13: 8 | K13: 9 | L13: 10 | M13: 11 | N13: 12 | O13: 13 | P13: 14 | Q13: 15 | R13: 16 | S13: 17 | T13: 18 | U13: 19 | V13: 20 | W13: 21 | X13: 22 | Y13: 23 | Z13: 24 | AA13: 25 | AB13: 26 | AC13: 27 | AD13: 28 | AE13: 29 | AF13: 30 | AG13: 31 | AH13: Totalen p/m
B14: =January!B14 -> AI-Driven Agentic Orchestration Software (AOC-WebAPI) | AH14: =SUM(C14:AG14) -> 0
B15: =January!B15 | AH15: =SUM(C15:AG15) -> 0
B16: =January!B16 | AH16: =SUM(C16:AG16) -> 0
B17: =January!B17 | AH17: =SUM(C17:AG17) -> 0
B18: =January!B18 | AH18: =SUM(C18:AG18) -> 0
B19: =January!B19 | AH19: =SUM(C19:AG19) -> 0
B20: =January!B20 | AH20: =SUM(C20:AG20) -> 0
B21: =January!B21 | AH21: =SUM(C21:AG21) -> 0
B22: =January!B22 | AH22: =SUM(C22:AG22) -> 0
B23: =January!B23 | AH23: =SUM(C23:AG23) -> 0
B24: =January!B24 | AH24: =SUM(C24:AG24) -> 0
B25: =January!B25 | AH25: =SUM(C25:AG25) -> 0
... B30: =January!B30 | AH30: =SUM(C30:AG30) -> 0
B31: Non R&D activities
B32: Sickdays
B33: Vacation
B34: Misc. hours (e.g. holidays)
B36: Remarks
B37: 1) Do not provide the RVO with these registration sheets before consulting PNO.
B38: However, these registration sheets do need to be available as a reference during an audit by the RVO.
B39: 2) Remember that in addition to registering hours, a project administration detailing the nature, contents and progress of the conducted activities is also required.
B40: The project administration can consist of documents that are generated in the normal course of work at your company. However, they do need to provide sufficient insight into the activities.
B41: 3) Please match descriptions and codes used on this sheet with the descriptions and codes as used on your WBSO application and in your project administrations as much as possible.

Sheet November
A1: This is an example of an hour registration sheet as indicated in article 2, section b of the Uitvoeringsregeling S&O-afdrachtvermindering.
A2: Be advised that any R&D-activities conducted during the course of the project are required to be registered within 10 working days!
A4: Employee
A5: Name and BSN: | C5: =Overview!E7 -> Filippo Margiotta | 265126642
A6: Role: | C6: =Overview!E8 -> Director / Architect
A8: Month: | C8: November
A9: Year: | C9: 2026
C11: Activities / hours matrix
C12: Number of hours
B13: Projectnummer | C13: 1 | D13: 2 | E13: 3 | F13: 4 | G13: 5 | H13: 6 | I13: 7 | J13: 8 | K13: 9 | L13: 10 | M13: 11 | N13: 12 | O13: 13 | P13: 14 | Q13: 15 | R13: 16 | S13: 17 | T13: 18 | U13: 19 | V13: 20 | W13: 21 | X13: 22 | Y13: 23 | Z13: 24 | AA13: 25 | AB13: 26 | AC13: 27 | AD13: 28 | AE13: 29 | AF13: 30 | AG13: Totalen p/m
B14: =January!B14 -> AI-Driven Agentic Orchestration Software (AOC-WebAPI) | AG14: =SUM(C14:AF14) -> 0
B15: =January!B15 | AG15: =SUM(C15:AF15) -> 0
B16: =January!B16 | AG16: =SUM(C16:AF16) -> 0
B17: =January!B17 | AG17: =SUM(C17:AF17) -> 0
B18: =January!B18 | AG18: =SUM(C18:AF18) -> 0
B19: =January!B19 | AG19: =SUM(C19:AF19) -> 0
B20: =January!B20 | AG20: =SUM(C20:AF20) -> 0
B21: =January!B21 | AG21: =SUM(C21:AF21) -> 0
B22: =January!B22 | AG22: =SUM(C22:AF22) -> 0
B23: =January!B23 | AG23: =SUM(C23:AF23) -> 0
B24: =January!B24 | AG24: =SUM(C24:AF24) -> 0
B25: =January!B25 | AG25: =SUM(C25:AF25) -> 0
... B30: =January!B30 | AG30: =SUM(C30:AF30) -> 0
B31: Non R&D activities
B32: Sickdays
B33: Vacation
B34: Misc. hours (e.g. holidays)
B36: Remarks
B37: 1) Do not provide the RVO with these registration sheets before consulting PNO.
B38: However, these registration sheets do need to be available as a reference during an audit by the RVO.
B39: 2) Remember that in addition to registering hours, a project administration detailing the nature, contents and progress of the conducted activities is also required.
B40: The project administration can consist of documents that are generated in the normal course of work at your company. However, they do need to provide sufficient insight into the activities.
B41: 3) Please match descriptions and codes used on this sheet with the descriptions and codes as used on your WBSO application and in your project administrations as much as possible.

Sheet December
A1: This is an example of an hour registration sheet as indicated in article 2, section b of the Uitvoeringsregeling S&O-afdrachtvermindering.
A2: Be advised that any R&D-activities conducted during the course of the project are required to be registered within 10 working days!
A4: Employee
A5: Name and BSN: | C5: =Overview!E7 -> Filippo Margiotta | 265126642
A6: Role: | C6: =Overview!E8 -> Director / Architect
A8: Month: | C8: December
A9: Year: | C9: 2026
C11: Activities / hours matrix
C12: Number of hours
B13: Projectnummer | C13: 1 | D13: 2 | E13: 3 | F13: 4 | G13: 5 | H13: 6 | I13: 7 | J13: 8 | K13: 9 | L13: 10 | M13: 11 | N13: 12 | O13: 13 | P13: 14 | Q13: 15 | R13: 16 | S13: 17 | T13: 18 | U13: 19 | V13: 20 | W13: 21 | X13: 22 | Y13: 23 | Z13: 24 | AA13: 25 | AB13: 26 | AC13: 27 | AD13: 28 | AE13: 29 | AF13: 30 | AG13: 31 | AH13: Totalen p/m
B14: =January!B14 -> AI-Driven Agentic Orchestration Software (AOC-WebAPI) | AH14: =SUM(C14:AG14) -> 0
B15: =January!B15 | AH15: =SUM(C15:AG15) -> 0
B16: =January!B16 | AH16: =SUM(C16:AG16) -> 0
B17: =January!B17 | AH17: =SUM(C17:AG17) -> 0
B18: =January!B18 | AH18: =SUM(C18:AG18) -> 0
B19: =January!B19 | AH19: =SUM(C19:AG19) -> 0
B20: =January!B20 | AH20: =SUM(C20:AG20) -> 0
B21: =January!B21 | AH21: =SUM(C21:AG21) -> 0
B22: =January!B22 | AH22: =SUM(C22:AG22) -> 0
B23: =January!B23 | AH23: =SUM(C23:AG23) -> 0
B24: =January!B24 | AH24: =SUM(C24:AG24) -> 0
B25: =January!B25 | AH25: =SUM(C25:AG25) -> 0
... B30: =January!B30 | AH30: =SUM(C30:AG30) -> 0
B31: Non R&D activities
B32: Sickdays
B33: Vacation
B34: Misc. hours (e.g. holidays)
B36: Remarks
B37: 1) Do not provide the RVO with these registration sheets before consulting PNO.
B38: However, these registration sheets do need to be available as a reference during an audit by the RVO.
B39: 2) Remember that in addition to registering hours, a project administration detailing the nature, contents and progress of the conducted activities is also required.
B40: The project administration can consist of documents that are generated in the normal course of work at your company. However, they do need to provide sufficient insight into the activities.
B41: 3) Please match descriptions and codes used on this sheet with the descriptions and codes as used on your WBSO application and in your project administrations as much as possible.
